Channel,Video Title,Video Description,Video ID,Comment,Comment ID,Replies,Likes,clean_comments,language
Sony SAB,"Taarak Mehta Ka Ooltah Chashmah - Ep 2738 - Full Episode - 24th May, 2019",Episode 2738: The Value Of Money ------------------------------------------ Jethalal's son tries to get money out of his father by praising his chocolate-milk making skills.,83gpD0QwREc,Jethalal is only understanding Abdul‚Äôs problem,Ugw3-IsnSwEO2dvUrxl4AaABAg,3,179,Jethalal is only understanding Abdul‚Äôs problem,en
Sony SAB,"Taarak Mehta Ka Ooltah Chashmah - Ep 2738 - Full Episode - 24th May, 2019",Episode 2738: The Value Of Money ------------------------------------------ Jethalal's son tries to get money out of his father by praising his chocolate-milk making skills.,83gpD0QwREc,Why they scolding Abdul for 5 rupess,UgypZNP_eOAgf4QZ8Kt4AaABAg,0,106,Why they scolding Abdul for 5 rupess,en
Sony SAB,"Taarak Mehta Ka Ooltah Chashmah - Ep 2738 - Full Episode - 24th May, 2019",Episode 2738: The Value Of Money ------------------------------------------ Jethalal's son tries to get money out of his father by praising his chocolate-milk making skills.,83gpD0QwREc,Abdul does so many things for society he delivers things whenever someone calls and much supportive towards them he gives milk at time I feel they all forgot all that!!!,Ugx1o1PKvI9YaxbNIAR4AaABAg,6,216,Abdul does so many things for society he delivers things whenever someone calls and much supportive towards them he gives milk at time I feel they all forgot all that!!!,en
Sony SAB,"Taarak Mehta Ka Ooltah Chashmah - Ep 2738 - Full Episode - 24th May, 2019",Episode 2738: The Value Of Money ------------------------------------------ Jethalal's son tries to get money out of his father by praising his chocolate-milk making skills.,83gpD0QwREc,I feel bad for Abdul's character.,UgyhJS998oiYtYhcCTJ4AaABAg,10,164,I feel bad for Abdul's character.,en
Sony SAB,"Taarak Mehta Ka Ooltah Chashmah - Ep 2738 - Full Episode - 24th May, 2019",Episode 2738: The Value Of Money ------------------------------------------ Jethalal's son tries to get money out of his father by praising his chocolate-milk making skills.,83gpD0QwREc,In Business relationship matters.. You can't deny a long years relationship just because of few Rupees .. This shouldn't do to Abdul ..,Ugz8_pL6NXaurq20Wnd4AaABAg,2,155,In Business relationship matters.. You can't deny a long years relationship just because of few Rupees .. This shouldn't do to Abdul ..,en
Sony SAB,"Taarak Mehta Ka Ooltah Chashmah - Ep 2738 - Full Episode - 24th May, 2019",Episode 2738: The Value Of Money ------------------------------------------ Jethalal's son tries to get money out of his father by praising his chocolate-milk making skills.,83gpD0QwREc,Abdul is really a good man. I like himüíïüíïüíï,UgyBB1O7NhZFYOhjDZ54AaABAg,0,41,Abdul is really a good man. I like him,en
Sony SAB,"Taarak Mehta Ka Ooltah Chashmah - Ep 2738 - Full Episode - 24th May, 2019",Episode 2738: The Value Of Money ------------------------------------------ Jethalal's son tries to get money out of his father by praising his chocolate-milk making skills.,83gpD0QwREc,In this episode tapu wants to go for movie and restau for party father gives 1000 but fair reason for infaltion in vegtable and milk is not acceptable. Until  now i have not seen the farmer a rich man while hotels owners are richer. Not good. What common man wants is to reduce the unwanted.. Not daily needs,UgxvdUgJfknR8tSB9Qp4AaABAg,6,167,In this episode tapu wants to go for movie and restau for party father gives 1000 but fair reason for infaltion in vegtable and milk is not acceptable. Until  now i have not seen the farmer a rich man while hotels owners are richer. Not good. What common man wants is to reduce the unwanted.. Not daily needs,en
Sony SAB,"Taarak Mehta Ka Ooltah Chashmah - Ep 2738 - Full Episode - 24th May, 2019",Episode 2738: The Value Of Money ------------------------------------------ Jethalal's son tries to get money out of his father by praising his chocolate-milk making skills.,83gpD0QwREc,Happy Birthday jethalal,UgwPOALruZaL_Hs-nXN4AaABAg,5,246,Happy Birthday jethalal,en
Sony SAB,"Taarak Mehta Ka Ooltah Chashmah - Ep 2738 - Full Episode - 24th May, 2019",Episode 2738: The Value Of Money ------------------------------------------ Jethalal's son tries to get money out of his father by praising his chocolate-milk making skills.,83gpD0QwREc,"Why they are selfish??? And blamming Abdul.He is very good in work.Shame bhide,Mehta,iyer,komal,popatlal.Shame",UgylY0x64dLna_yyHvB4AaABAg,1,23,"Why they are selfish??? And blamming Abdul.He is very good in work.Shame bhide,Mehta,iyer,komal,popatlal.Shame",en
Sony SAB,"Taarak Mehta Ka Ooltah Chashmah - Ep 2738 - Full Episode - 24th May, 2019",Episode 2738: The Value Of Money ------------------------------------------ Jethalal's son tries to get money out of his father by praising his chocolate-milk making skills.,83gpD0QwREc,I can‚Äôt believe jethalel is best why everyone blaming on abdul,UgzDR7-uK0tCAmebdMJ4AaABAg,3,125,I can‚Äôt believe jethalel is best why everyone blaming on abdul,en
Sony SAB,"Taarak Mehta Ka Ooltah Chashmah - Ep 2738 - Full Episode - 24th May, 2019",Episode 2738: The Value Of Money ------------------------------------------ Jethalal's son tries to get money out of his father by praising his chocolate-milk making skills.,83gpD0QwREc,"Champak chacha ki baat sahi hai, Abdul ko pehle bolna tha, he is careless, and best was hame saare kharcho ka hisab rakhna chahiye",UgwYwtXeoKP832hOcmV4AaABAg,0,10,"Champak chacha ki baat sahi hai, Abdul ko pehle bolna tha, he is careless, and best was hame saare kharcho ka hisab rakhna chahiye",en
Sony SAB,"Taarak Mehta Ka Ooltah Chashmah - Ep 2738 - Full Episode - 24th May, 2019",Episode 2738: The Value Of Money ------------------------------------------ Jethalal's son tries to get money out of his father by praising his chocolate-milk making skills.,83gpD0QwREc,"I need some more bro, i watch this over and over this everyday , upload more good content",Ugzgo2XcJCeJuRpK0N14AaABAg,0,49,"I need some more bro, i watch this over and over this everyday , upload more good content",en
Sony SAB,"Taarak Mehta Ka Ooltah Chashmah - Ep 2738 - Full Episode - 24th May, 2019",Episode 2738: The Value Of Money ------------------------------------------ Jethalal's son tries to get money out of his father by praising his chocolate-milk making skills.,83gpD0QwREc,Only jethalal is the best in tmkoc without greedness,Ugw9BMSfP-TqhlW55Up4AaABAg,10,303,Only jethalal is the best in tmkoc without greedness,en
Sony SAB,"Taarak Mehta Ka Ooltah Chashmah - Ep 2738 - Full Episode - 24th May, 2019",Episode 2738: The Value Of Money ------------------------------------------ Jethalal's son tries to get money out of his father by praising his chocolate-milk making skills.,83gpD0QwREc,Great show...,Ugwq8PY3LWoZSOkri1p4AaABAg,0,7,Great show...,en
Sony SAB,"Taarak Mehta Ka Ooltah Chashmah - Ep 2738 - Full Episode - 24th May, 2019",Episode 2738: The Value Of Money ------------------------------------------ Jethalal's son tries to get money out of his father by praising his chocolate-milk making skills.,83gpD0QwREc,Really miss daya unty...pray for come back!,UgxVJmi3bi31ZQTml094AaABAg,2,49,Really miss daya unty...pray for come back!,en
Sony SAB,"Taarak Mehta Ka Ooltah Chashmah - Ep 2738 - Full Episode - 24th May, 2019",Episode 2738: The Value Of Money ------------------------------------------ Jethalal's son tries to get money out of his father by praising his chocolate-milk making skills.,83gpD0QwREc,Belated birthday wishes to Dilip Joshi aka Jethalal sir üéÇüéÇüéÇüéÇ,UgyjMxx-1R0NmPlkD3B4AaABAg,11,160,Belated birthday wishes to Dilip Joshi aka Jethalal sir ,en
Sony SAB,"Taarak Mehta Ka Ooltah Chashmah - Ep 2738 - Full Episode - 24th May, 2019",Episode 2738: The Value Of Money ------------------------------------------ Jethalal's son tries to get money out of his father by praising his chocolate-milk making skills.,83gpD0QwREc,First time Abdul bhai came to give his bill to jetha. Just to build up story,Ugxedjdh6KJETvMypOJ4AaABAg,0,42,First time Abdul bhai came to give his bill to jetha. Just to build up story,en
Sony SAB,"Taarak Mehta Ka Ooltah Chashmah - Ep 2738 - Full Episode - 24th May, 2019",Episode 2738: The Value Of Money ------------------------------------------ Jethalal's son tries to get money out of his father by praising his chocolate-milk making skills.,83gpD0QwREc,Jethalal is best comedy in tmkoc,UgyVbL2dhndjRRa5iql4AaABAg,7,73,Jethalal is best comedy in tmkoc,en
Sony SAB,"Taarak Mehta Ka Ooltah Chashmah - Ep 2738 - Full Episode - 24th May, 2019",Episode 2738: The Value Of Money ------------------------------------------ Jethalal's son tries to get money out of his father by praising his chocolate-milk making skills.,83gpD0QwREc,"1:33 at first i was thinking jethalal can't understand tappu's statement because of English,than i came to know that he is thinking two feet faster!ü§£",Ugy6bbEGip5TczvK-154AaABAg,0,79,"1:33 at first i was thinking jethalal can't understand tappu's statement because of English,than i came to know that he is thinking two feet faster!",en
Sony SAB,"Taarak Mehta Ka Ooltah Chashmah - Ep 2738 - Full Episode - 24th May, 2019",Episode 2738: The Value Of Money ------------------------------------------ Jethalal's son tries to get money out of his father by praising his chocolate-milk making skills.,83gpD0QwREc,Nice show ... I am from Bangladesh...and I love this program...üòçüòçüòçüòç,UgzQVbt-gApaKkR8UcF4AaABAg,3,30,Nice show ... I am from Bangladesh...and I love this program...,en
Sony SAB,"Taarak Mehta Ka Ooltah Chashmah - Ep 2738 - Full Episode - 24th May, 2019",Episode 2738: The Value Of Money ------------------------------------------ Jethalal's son tries to get money out of his father by praising his chocolate-milk making skills.,83gpD0QwREc,wow nyc episode love frm nepalüòçüòçüòçüòç,UgyuJFpKCB78wZHVl7R4AaABAg,0,21,wow nyc episode love frm nepal,en
Sony SAB,"Taarak Mehta Ka Ooltah Chashmah - Ep 2738 - Full Episode - 24th May, 2019",Episode 2738: The Value Of Money ------------------------------------------ Jethalal's son tries to get money out of his father by praising his chocolate-milk making skills.,83gpD0QwREc,"Yeh mehengai ka problem nahi hai, chindigiri ki panning hai .. Abdul should charge extra for society extra work too",UgwNmsuOe9WK4_88TgR4AaABAg,2,52,"Yeh mehengai ka problem nahi hai, chindigiri ki panning hai .. Abdul should charge extra for society extra work too",en
Sony SAB,"Taarak Mehta Ka Ooltah Chashmah - Ep 2738 - Full Episode - 24th May, 2019",Episode 2738: The Value Of Money ------------------------------------------ Jethalal's son tries to get money out of his father by praising his chocolate-milk making skills.,83gpD0QwREc,"Abdul always does a lot of society work for no cost.
Society members usually give 10-20 rs. extra to the rickshawala but here they are opposing Abdul for earning his true amount.
Champak chacha has no problem with Tapu spending 1000rs for just party and movie but he is crying for 5rs of Abdul.
Very illogical and shameful episode.",UgytH3xeK3uZcPRl1sZ4AaABAg,6,63,"Abdul always does a lot of society work for no cost.
Society members usually give 10-20 rs. extra to the rickshawala but here they are opposing Abdul for earning his true amount.
Champak chacha has no problem with Tapu spending 1000rs for just party and movie but he is crying for 5rs of Abdul.
Very illogical and shameful episode.",en
Sony SAB,"Taarak Mehta Ka Ooltah Chashmah - Ep 2738 - Full Episode - 24th May, 2019",Episode 2738: The Value Of Money ------------------------------------------ Jethalal's son tries to get money out of his father by praising his chocolate-milk making skills.,83gpD0QwREc,"You all changed. Jethalal where is that word ""non sense"" and those comedy scenes of jetha and babita?? Where are those fights between bhide and jetha",UgxU68cRQ-oH6NeKGap4AaABAg,1,151,"You all changed. Jethalal where is that word ""non sense"" and those comedy scenes of jetha and babita?? Where are those fights between bhide and jetha",en
Sony SAB,"Taarak Mehta Ka Ooltah Chashmah - Ep 2738 - Full Episode - 24th May, 2019",Episode 2738: The Value Of Money ------------------------------------------ Jethalal's son tries to get money out of his father by praising his chocolate-milk making skills.,83gpD0QwREc,Only jethalal was giving respect to abdul ... Coz he knows anything could happen in business,Ugwlx4i3TeUZEanSR8B4AaABAg,12,444,Only jethalal was giving respect to abdul ... Coz he knows anything could happen in business,en
Sony SAB,"Taarak Mehta Ka Ooltah Chashmah - Ep 2738 - Full Episode - 24th May, 2019",Episode 2738: The Value Of Money ------------------------------------------ Jethalal's son tries to get money out of his father by praising his chocolate-milk making skills.,83gpD0QwREc,Everyone's getting mad on Abdul like hell hate them,UgxLOd_d7KCHRzsPEg54AaABAg,0,6,Everyone's getting mad on Abdul like hell hate them,en
Sony SAB,"Taarak Mehta Ka Ooltah Chashmah - Ep 2738 - Full Episode - 24th May, 2019",Episode 2738: The Value Of Money ------------------------------------------ Jethalal's son tries to get money out of his father by praising his chocolate-milk making skills.,83gpD0QwREc,"Happy birthday jetiya
And I know they are going to surprise Abdul",UgyMSyeo4aP_uKTdGs14AaABAg,0,6,"Happy birthday jetiya
And I know they are going to surprise Abdul",en
Sony SAB,"Taarak Mehta Ka Ooltah Chashmah - Ep 2738 - Full Episode - 24th May, 2019",Episode 2738: The Value Of Money ------------------------------------------ Jethalal's son tries to get money out of his father by praising his chocolate-milk making skills.,83gpD0QwREc,Jitha lel's tmkoc review is much more interesting than the episode !!!,UgyCSkjpH629guenGkN4AaABAg,0,19,Jitha lel's tmkoc review is much more interesting than the episode !!!,en
Sony SAB,"Taarak Mehta Ka Ooltah Chashmah - Ep 2738 - Full Episode - 24th May, 2019",Episode 2738: The Value Of Money ------------------------------------------ Jethalal's son tries to get money out of his father by praising his chocolate-milk making skills.,83gpD0QwREc,They are nice as long as  money. Money makes every body funny,Ugzh_bXPjDY_yyIv6eZ4AaABAg,0,6,They are nice as long as  money. Money makes every body funny,en
Sony SAB,"Taarak Mehta Ka Ooltah Chashmah - Ep 2738 - Full Episode - 24th May, 2019",Episode 2738: The Value Of Money ------------------------------------------ Jethalal's son tries to get money out of his father by praising his chocolate-milk making skills.,83gpD0QwREc,I am waiting for next episode,UgxoUuzvQAFANT7KPi54AaABAg,0,18,I am waiting for next episode,en
Sony SAB,"Taarak Mehta Ka Ooltah Chashmah - Ep 2738 - Full Episode - 24th May, 2019",Episode 2738: The Value Of Money ------------------------------------------ Jethalal's son tries to get money out of his father by praising his chocolate-milk making skills.,83gpD0QwREc,Tappu is wearing lipstickü§£ü§£,UgyqL-Y97oqzYBgTBnp4AaABAg,0,58,Tappu is wearing lipstick,en
Sony SAB,"Taarak Mehta Ka Ooltah Chashmah - Ep 2738 - Full Episode - 24th May, 2019",Episode 2738: The Value Of Money ------------------------------------------ Jethalal's son tries to get money out of his father by praising his chocolate-milk making skills.,83gpD0QwREc,I like it very much and i really enjoy it,UgxBUfXD1e5ccWt53fN4AaABAg,0,2,I like it very much and i really enjoy it,en
Sony SAB,"Taarak Mehta Ka Ooltah Chashmah - Ep 2738 - Full Episode - 24th May, 2019",Episode 2738: The Value Of Money ------------------------------------------ Jethalal's son tries to get money out of his father by praising his chocolate-milk making skills.,83gpD0QwREc,"happy birthday Jethalal
Dilip joshi",UgxZtWpGY1248o7cEnl4AaABAg,0,10,"happy birthday Jethalal
Dilip joshi",en
Sony SAB,"Taarak Mehta Ka Ooltah Chashmah - Ep 2738 - Full Episode - 24th May, 2019",Episode 2738: The Value Of Money ------------------------------------------ Jethalal's son tries to get money out of his father by praising his chocolate-milk making skills.,83gpD0QwREc,Hit hy so,UgyAzA5x-JpfgOPVbJF4AaABAg,0,2,Hit hy so,en
Sony SAB,"Taarak Mehta Ka Ooltah Chashmah - Ep 2738 - Full Episode - 24th May, 2019",Episode 2738: The Value Of Money ------------------------------------------ Jethalal's son tries to get money out of his father by praising his chocolate-milk making skills.,83gpD0QwREc,They are so disrespectful to abdul,UgzbbzT8rtatX6083Ap4AaABAg,1,28,They are so disrespectful to abdul,en
Sony SAB,"Taarak Mehta Ka Ooltah Chashmah - Ep 2738 - Full Episode - 24th May, 2019",Episode 2738: The Value Of Money ------------------------------------------ Jethalal's son tries to get money out of his father by praising his chocolate-milk making skills.,83gpD0QwREc,I LOVE TAARAK MEHTA KA OOLTAH CHASMAH.,Ugylh5IrnBB_DqlKnG14AaABAg,0,3,I LOVE TAARAK MEHTA KA OOLTAH CHASMAH.,en
Sony SAB,"Taarak Mehta Ka Ooltah Chashmah - Ep 2738 - Full Episode - 24th May, 2019",Episode 2738: The Value Of Money ------------------------------------------ Jethalal's son tries to get money out of his father by praising his chocolate-milk making skills.,83gpD0QwREc,They are wearing make up of thousand rs of foreign brand and worried about 5 rs extra for Indian milk brand,UgypXbVhqg0_JJDB7954AaABAg,4,124,They are wearing make up of thousand rs of foreign brand and worried about 5 rs extra for Indian milk brand,en
Sony SAB,"Taarak Mehta Ka Ooltah Chashmah - Ep 2738 - Full Episode - 24th May, 2019",Episode 2738: The Value Of Money ------------------------------------------ Jethalal's son tries to get money out of his father by praising his chocolate-milk making skills.,83gpD0QwREc,Jethalal not fikre about 5$  great they are best family,UgxlhwvAS7kZ1DrI3mp4AaABAg,0,7,Jethalal not fikre about 5$  great they are best family,en
Sony SAB,"Taarak Mehta Ka Ooltah Chashmah - Ep 2738 - Full Episode - 24th May, 2019",Episode 2738: The Value Of Money ------------------------------------------ Jethalal's son tries to get money out of his father by praising his chocolate-milk making skills.,83gpD0QwREc,Jethalal is best respected Abdul,UgycEqXNQy2o_mA4_Gp4AaABAg,2,45,Jethalal is best respected Abdul,en
Sony SAB,"Taarak Mehta Ka Ooltah Chashmah - Ep 2738 - Full Episode - 24th May, 2019",Episode 2738: The Value Of Money ------------------------------------------ Jethalal's son tries to get money out of his father by praising his chocolate-milk making skills.,83gpD0QwREc,I Love TARAK MEHTA KA ULTA CHASHMAüòçüòçüòçüòç‚ù§üíôüíñüíïüíîüíìüíúüíóüíòüíüüíû,UgwDicujzjDeKlbfDl14AaABAg,0,24,I Love TARAK MEHTA KA ULTA CHASHMA,en
Sony SAB,"Taarak Mehta Ka Ooltah Chashmah - Ep 2738 - Full Episode - 24th May, 2019",Episode 2738: The Value Of Money ------------------------------------------ Jethalal's son tries to get money out of his father by praising his chocolate-milk making skills.,83gpD0QwREc,Change tappu we want previous tappu,Ugyp0zXZTOzM35N-XSp4AaABAg,2,12,Change tappu we want previous tappu,en
Sony SAB,"Taarak Mehta Ka Ooltah Chashmah - Ep 2738 - Full Episode - 24th May, 2019",Episode 2738: The Value Of Money ------------------------------------------ Jethalal's son tries to get money out of his father by praising his chocolate-milk making skills.,83gpD0QwREc,I love I love Taarak Mehta allot it is my favourite I really really really really really love Taarak Mehta Ka Ooltah Chashmah it is lots of fun it is full of fun I like it sometime there is fight between everyone and they also solve it is awesome it is great I really love it,UgyfUojMMho_HQFX9cZ4AaABAg,2,26,I love I love Taarak Mehta allot it is my favourite I really really really really really love Taarak Mehta Ka Ooltah Chashmah it is lots of fun it is full of fun I like it sometime there is fight between everyone and they also solve it is awesome it is great I really love it,en
Sony SAB,"Taarak Mehta Ka Ooltah Chashmah - Ep 2738 - Full Episode - 24th May, 2019",Episode 2738: The Value Of Money ------------------------------------------ Jethalal's son tries to get money out of his father by praising his chocolate-milk making skills.,83gpD0QwREc,Please upload iyer transfar to chennai...... please please please please........üò¢üò¢üò¢üò¢üò¢,UgzVbgioiqlKt4XQ2NN4AaABAg,0,4,Please upload iyer transfar to chennai...... please please please please........,en
Sony SAB,"Taarak Mehta Ka Ooltah Chashmah - Ep 2738 - Full Episode - 24th May, 2019",Episode 2738: The Value Of Money ------------------------------------------ Jethalal's son tries to get money out of his father by praising his chocolate-milk making skills.,83gpD0QwREc,Pakistan ma full epsoled keyo bhand ha,Ugzwoi_IK122uwJNM754AaABAg,1,5,Pakistan ma full epsoled keyo bhand ha,en
Sony SAB,"Taarak Mehta Ka Ooltah Chashmah - Ep 2738 - Full Episode - 24th May, 2019",Episode 2738: The Value Of Money ------------------------------------------ Jethalal's son tries to get money out of his father by praising his chocolate-milk making skills.,83gpD0QwREc,Jethalal my bestüòòüòòüòòüòòüòªüòª‚ù§‚ù§‚ù§,UgxldsPV8O5sil1kjpN4AaABAg,0,12,Jethalal my best,en
Sony SAB,"Taarak Mehta Ka Ooltah Chashmah - Ep 2738 - Full Episode - 24th May, 2019",Episode 2738: The Value Of Money ------------------------------------------ Jethalal's son tries to get money out of his father by praising his chocolate-milk making skills.,83gpD0QwREc,If old daya is gone so where is new daya,Ugxn06z_UExGG-DvEt54AaABAg,0,8,If old daya is gone so where is new daya,en
Sony SAB,"Taarak Mehta Ka Ooltah Chashmah - Ep 2738 - Full Episode - 24th May, 2019",Episode 2738: The Value Of Money ------------------------------------------ Jethalal's son tries to get money out of his father by praising his chocolate-milk making skills.,83gpD0QwREc,Is it only me or anyone else who think new Tapu and new sonu actually don't act well...?,UgyGhwQbFECyvHYkngB4AaABAg,2,78,Is it only me or anyone else who think new Tapu and new sonu actually don't act well...?,en
Sony SAB,"Taarak Mehta Ka Ooltah Chashmah - Ep 2738 - Full Episode - 24th May, 2019",Episode 2738: The Value Of Money ------------------------------------------ Jethalal's son tries to get money out of his father by praising his chocolate-milk making skills.,83gpD0QwREc,"inflation ke sath sabhki income bhi to badhti hai
people only see inflation 
they dont see their income rise",UgwAlg9txqTnC2rx3294AaABAg,0,18,"inflation ke sath sabhki income bhi to badhti hai
people only see inflation 
they dont see their income rise",en
Sony SAB,"Taarak Mehta Ka Ooltah Chashmah - Ep 2738 - Full Episode - 24th May, 2019",Episode 2738: The Value Of Money ------------------------------------------ Jethalal's son tries to get money out of his father by praising his chocolate-milk making skills.,83gpD0QwREc,Where is jethalal wife ??????,Ugz_v8nuBqxv8q8HBHR4AaABAg,0,4,Where is jethalal wife ??????,en
Sony SAB,"Taarak Mehta Ka Ooltah Chashmah - Ep 2738 - Full Episode - 24th May, 2019",Episode 2738: The Value Of Money ------------------------------------------ Jethalal's son tries to get money out of his father by praising his chocolate-milk making skills.,83gpD0QwREc,THE     MOST    EXPENSIVE    IS     IN      2050           !!,UgxCZyFfsiPoI13OQxB4AaABAg,1,34,THE     MOST    EXPENSIVE    IS     IN      2050           !!,en
Sony SAB,"Taarak Mehta Ka Ooltah Chashmah - Ep 2738 - Full Episode - 24th May, 2019",Episode 2738: The Value Of Money ------------------------------------------ Jethalal's son tries to get money out of his father by praising his chocolate-milk making skills.,83gpD0QwREc,"City wale log sirf farmar wale prdruct (milk ,subji)tabi paise paise karte other products per zuk kar paise dete he",UgwiZNvvhP7CRwVF0Qx4AaABAg,2,111,"City wale log sirf farmar wale prdruct (milk ,subji)tabi paise paise karte other products per zuk kar paise dete he",en
Sony SAB,"Taarak Mehta Ka Ooltah Chashmah - Ep 2738 - Full Episode - 24th May, 2019",Episode 2738: The Value Of Money ------------------------------------------ Jethalal's son tries to get money out of his father by praising his chocolate-milk making skills.,83gpD0QwREc,New episode kyu uplode nhi ho rhe YouTube paüôÑüòëüòíI am waiting,Ugx_lV7dcETHV1sMWRd4AaABAg,0,8,New episode kyu uplode nhi ho rhe YouTube paI am waiting,en
Sony SAB,"Taarak Mehta Ka Ooltah Chashmah - Ep 2738 - Full Episode - 24th May, 2019",Episode 2738: The Value Of Money ------------------------------------------ Jethalal's son tries to get money out of his father by praising his chocolate-milk making skills.,83gpD0QwREc,"bohuti gatia or bakowas episode,,",UgyO7nWvR_RuIiZlwwd4AaABAg,2,8,"bohuti gatia or bakowas episode,,",en
Sony SAB,"Taarak Mehta Ka Ooltah Chashmah - Ep 2738 - Full Episode - 24th May, 2019",Episode 2738: The Value Of Money ------------------------------------------ Jethalal's son tries to get money out of his father by praising his chocolate-milk making skills.,83gpD0QwREc,bichara abdul only jethalal and sodhi not angry in abdul,UgwYDSD1jvnqGkXGTZd4AaABAg,0,1,bichara abdul only jethalal and sodhi not angry in abdul,en
Sony SAB,"Taarak Mehta Ka Ooltah Chashmah - Ep 2738 - Full Episode - 24th May, 2019",Episode 2738: The Value Of Money ------------------------------------------ Jethalal's son tries to get money out of his father by praising his chocolate-milk making skills.,83gpD0QwREc,"First time I didn't like Babita, when she was taunting Sunita(vegetable seller). At least think of how much these kinda people in real word spend on their makeups, food in expensive restaurants, massages, and whatnot, mannnn!!!!",Ugzu8rvV4_vI19JwpVV4AaABAg,2,31,"First time I didn't like Babita, when she was taunting Sunita(vegetable seller). At least think of how much these kinda people in real word spend on their makeups, food in expensive restaurants, massages, and whatnot, mannnn!!!!",en
Sony SAB,"Taarak Mehta Ka Ooltah Chashmah - Ep 2738 - Full Episode - 24th May, 2019",Episode 2738: The Value Of Money ------------------------------------------ Jethalal's son tries to get money out of his father by praising his chocolate-milk making skills.,83gpD0QwREc,badly written episode. No one can forget to inform increase in price for straight 30 days to its daily customers.,UgwM8gBdxtqEOG1llIl4AaABAg,0,4,badly written episode. No one can forget to inform increase in price for straight 30 days to its daily customers.,en
Sony SAB,"Taarak Mehta Ka Ooltah Chashmah - Ep 2738 - Full Episode - 24th May, 2019",Episode 2738: The Value Of Money ------------------------------------------ Jethalal's son tries to get money out of his father by praising his chocolate-milk making skills.,83gpD0QwREc,I like this episode üòòüòò,UgyXd83eq7i6CFhZPSt4AaABAg,0,1,I like this episode ,en
Sony SAB,"Taarak Mehta Ka Ooltah Chashmah - Ep 2738 - Full Episode - 24th May, 2019",Episode 2738: The Value Of Money ------------------------------------------ Jethalal's son tries to get money out of his father by praising his chocolate-milk making skills.,83gpD0QwREc,Love from nepal,Ugyr7qdUdYyDV2lcKh14AaABAg,0,3,Love from nepal,en
Sony SAB,"Taarak Mehta Ka Ooltah Chashmah - Ep 2738 - Full Episode - 24th May, 2019",Episode 2738: The Value Of Money ------------------------------------------ Jethalal's son tries to get money out of his father by praising his chocolate-milk making skills.,83gpD0QwREc,"Abdul se society ki kaam bhi karwate hoon,  fir bhi 5rs ke liye kitne drama, this story line is the worst that I have seen so far, tarak mehta is loved by millions, they should show equality amongst people in society. So what abdul is a shopkeeper,  he contributes to the society, I feel sorry for him, this show is getting worst by the day. Gokuldham wale holiday ke liye Hong Kong,  Singapore jate hain, aur aabhi 5rs k liye itna drama",UgzmBjMIImrWrt-Z27F4AaABAg,0,0,"Abdul se society ki kaam bhi karwate hoon,  fir bhi 5rs ke liye kitne drama, this story line is the worst that I have seen so far, tarak mehta is loved by millions, they should show equality amongst people in society. So what abdul is a shopkeeper,  he contributes to the society, I feel sorry for him, this show is getting worst by the day. Gokuldham wale holiday ke liye Hong Kong,  Singapore jate hain, aur aabhi 5rs k liye itna drama",en
Sony SAB,"Taarak Mehta Ka Ooltah Chashmah - Ep 2738 - Full Episode - 24th May, 2019",Episode 2738: The Value Of Money ------------------------------------------ Jethalal's son tries to get money out of his father by praising his chocolate-milk making skills.,83gpD0QwREc,"now
 i have not seen the farmer a rich man while hotels owners are richer. Not good. What common man wants is to reduce the unwanted.. Not daily needs",Ugy-MAflAyAtQ7Xpe8J4AaABAg,1,1,"now
 i have not seen the farmer a rich man while hotels owners are richer. Not good. What common man wants is to reduce the unwanted.. Not daily needs",en
Sony SAB,"Taarak Mehta Ka Ooltah Chashmah - Ep 2738 - Full Episode - 24th May, 2019",Episode 2738: The Value Of Money ------------------------------------------ Jethalal's son tries to get money out of his father by praising his chocolate-milk making skills.,83gpD0QwREc,"Alan is, op ki cu by von k bolbo",UgzKWxColPqnwML57s54AaABAg,0,0,"Alan is, op ki cu by von k bolbo",en
Sony SAB,"Taarak Mehta Ka Ooltah Chashmah - Ep 2738 - Full Episode - 24th May, 2019",Episode 2738: The Value Of Money ------------------------------------------ Jethalal's son tries to get money out of his father by praising his chocolate-milk making skills.,83gpD0QwREc,10:15 is a very  funny,UgwxvRxpZRKjUkTIZoZ4AaABAg,0,8,10:15 is a very  funny,en
Sony SAB,"Taarak Mehta Ka Ooltah Chashmah - Ep 2738 - Full Episode - 24th May, 2019",Episode 2738: The Value Of Money ------------------------------------------ Jethalal's son tries to get money out of his father by praising his chocolate-milk making skills.,83gpD0QwREc,Thank god daya is not coming back to show over acting daya...,UgzupCe3t39RcG1le-d4AaABAg,0,1,Thank god daya is not coming back to show over acting daya...,en
Sony SAB,"Taarak Mehta Ka Ooltah Chashmah - Ep 2738 - Full Episode - 24th May, 2019",Episode 2738: The Value Of Money ------------------------------------------ Jethalal's son tries to get money out of his father by praising his chocolate-milk making skills.,83gpD0QwREc,I love this show,UgyTtHAotT2OiG462VR4AaABAg,0,1,I love this show,en
Sony SAB,"Taarak Mehta Ka Ooltah Chashmah - Ep 2738 - Full Episode - 24th May, 2019",Episode 2738: The Value Of Money ------------------------------------------ Jethalal's son tries to get money out of his father by praising his chocolate-milk making skills.,83gpD0QwREc,Doodh ke packet pe price mention hota hai. Gokul dham itna low iqüòÖexcept jethalal,UgwNUw84qSIwMSCtAq14AaABAg,1,0,Doodh ke packet pe price mention hota hai. Gokul dham itna low iqexcept jethalal,en
Sony SAB,"Taarak Mehta Ka Ooltah Chashmah - Ep 2738 - Full Episode - 24th May, 2019",Episode 2738: The Value Of Money ------------------------------------------ Jethalal's son tries to get money out of his father by praising his chocolate-milk making skills.,83gpD0QwREc,My favourite show TMKOCüíôüíöüíõüíú‚ù§,UgyT9QWgLC2JMYOP11J4AaABAg,0,3,My favourite show TMKOC,en
Sony SAB,"Taarak Mehta Ka Ooltah Chashmah - Ep 2738 - Full Episode - 24th May, 2019",Episode 2738: The Value Of Money ------------------------------------------ Jethalal's son tries to get money out of his father by praising his chocolate-milk making skills.,83gpD0QwREc,"Kitne Paise Chaahiye Tujhe Beta ?  Aare Baap Hu Main Tera Beta ... Really Dilip Ji Iz Great . We Love You Dilip Ji .
Lots Of Love For TMKOC .",UgxXqMOM1x6grnE9bgV4AaABAg,0,5,"Kitne Paise Chaahiye Tujhe Beta ?  Aare Baap Hu Main Tera Beta ... Really Dilip Ji Iz Great . We Love You Dilip Ji .
Lots Of Love For TMKOC .",en
Sony SAB,"Taarak Mehta Ka Ooltah Chashmah - Ep 2738 - Full Episode - 24th May, 2019",Episode 2738: The Value Of Money ------------------------------------------ Jethalal's son tries to get money out of his father by praising his chocolate-milk making skills.,83gpD0QwREc,I am great Fan of Tarak Metha Ka series but sorry to inform you that Now a Days story is not too good please improve your story,UgzJYWdqgCwHvymNv9V4AaABAg,3,28,I am great Fan of Tarak Metha Ka series but sorry to inform you that Now a Days story is not too good please improve your story,en
Sony SAB,"Taarak Mehta Ka Ooltah Chashmah - Ep 2738 - Full Episode - 24th May, 2019",Episode 2738: The Value Of Money ------------------------------------------ Jethalal's son tries to get money out of his father by praising his chocolate-milk making skills.,83gpD0QwREc,Love from Bangladesh...,UgyvmCtitmFYS1Yh9ml4AaABAg,1,7,Love from Bangladesh...,en
Sony SAB,"Taarak Mehta Ka Ooltah Chashmah - Ep 2738 - Full Episode - 24th May, 2019",Episode 2738: The Value Of Money ------------------------------------------ Jethalal's son tries to get money out of his father by praising his chocolate-milk making skills.,83gpD0QwREc,I want 27th may 2019,UgxGIGclRCTzthdXUfh4AaABAg,0,4,I want 27th may 2019,en
Sony SAB,"Taarak Mehta Ka Ooltah Chashmah - Ep 2738 - Full Episode - 24th May, 2019",Episode 2738: The Value Of Money ------------------------------------------ Jethalal's son tries to get money out of his father by praising his chocolate-milk making skills.,83gpD0QwREc,Nowdays Anjali is far more better than Anjali in looks.üòòüòç,Ugwu5YgdfGAUl8usJEp4AaABAg,0,1,Nowdays Anjali is far more better than Anjali in looks.,en
Sony SAB,"Taarak Mehta Ka Ooltah Chashmah - Ep 2738 - Full Episode - 24th May, 2019",Episode 2738: The Value Of Money ------------------------------------------ Jethalal's son tries to get money out of his father by praising his chocolate-milk making skills.,83gpD0QwREc,Jethalal is best actor,UgzIuCmM65oPfTf2ewZ4AaABAg,0,0,Jethalal is best actor,en
Sony SAB,"Taarak Mehta Ka Ooltah Chashmah - Ep 2738 - Full Episode - 24th May, 2019",Episode 2738: The Value Of Money ------------------------------------------ Jethalal's son tries to get money out of his father by praising his chocolate-milk making skills.,83gpD0QwREc,Love TMKOC from Kashmir,UgzXTF4NjTMrBtnk47p4AaABAg,0,1,Love TMKOC from Kashmir,en
Sony SAB,"Taarak Mehta Ka Ooltah Chashmah - Ep 2738 - Full Episode - 24th May, 2019",Episode 2738: The Value Of Money ------------------------------------------ Jethalal's son tries to get money out of his father by praising his chocolate-milk making skills.,83gpD0QwREc,Now I am starting hating this show  after this doodh prise increase...vikari log 5 rupeke liye itna kuch,UgxYTI81hrwODDZ8vdt4AaABAg,1,12,Now I am starting hating this show  after this doodh prise increase...vikari log 5 rupeke liye itna kuch,en
Sony SAB,"Taarak Mehta Ka Ooltah Chashmah - Ep 2738 - Full Episode - 24th May, 2019",Episode 2738: The Value Of Money ------------------------------------------ Jethalal's son tries to get money out of his father by praising his chocolate-milk making skills.,83gpD0QwREc,My favorite...and jetha lal is awesome,UgwkNTxJtuElmlPSGyF4AaABAg,0,1,My favorite...and jetha lal is awesome,en
Sony SAB,"Taarak Mehta Ka Ooltah Chashmah - Ep 2738 - Full Episode - 24th May, 2019",Episode 2738: The Value Of Money ------------------------------------------ Jethalal's son tries to get money out of his father by praising his chocolate-milk making skills.,83gpD0QwREc,"I don't watch this show daily, 

But yeh Tappu Lipstick karta hr kya?",UgzEtBF0EJgrXLEI-8R4AaABAg,0,13,"I don't watch this show daily, 

But yeh Tappu Lipstick karta hr kya?",en
Sony SAB,"Taarak Mehta Ka Ooltah Chashmah - Ep 2738 - Full Episode - 24th May, 2019",Episode 2738: The Value Of Money ------------------------------------------ Jethalal's son tries to get money out of his father by praising his chocolate-milk making skills.,83gpD0QwREc,Cool,Ugxti62a87lKJONzYul4AaABAg,0,2,Cool,en
Sony SAB,"Taarak Mehta Ka Ooltah Chashmah - Ep 2738 - Full Episode - 24th May, 2019",Episode 2738: The Value Of Money ------------------------------------------ Jethalal's son tries to get money out of his father by praising his chocolate-milk making skills.,83gpD0QwREc,Only.jethalal.respect.abdul,UgzSxhvNuTMPHU42-JN4AaABAg,0,0,Only.jethalal.respect.abdul,en
Sony SAB,"Taarak Mehta Ka Ooltah Chashmah - Ep 2738 - Full Episode - 24th May, 2019",Episode 2738: The Value Of Money ------------------------------------------ Jethalal's son tries to get money out of his father by praising his chocolate-milk making skills.,83gpD0QwREc,I like this TMKOC,UgxY7NIVperDIHpupxh4AaABAg,0,2,I like this TMKOC,en
Sony SAB,"Taarak Mehta Ka Ooltah Chashmah - Ep 2738 - Full Episode - 24th May, 2019",Episode 2738: The Value Of Money ------------------------------------------ Jethalal's son tries to get money out of his father by praising his chocolate-milk making skills.,83gpD0QwREc,"I liked this Sony SAB TV drama TMKUC Nice 
üëâüëå‚úåüëçüëèüëãüíûüëêüíñüëà",UgxMLG_c5Wr2nHem5V14AaABAg,1,4,"I liked this Sony SAB TV drama TMKUC Nice 
",en
Sony SAB,"Taarak Mehta Ka Ooltah Chashmah - Ep 2738 - Full Episode - 24th May, 2019",Episode 2738: The Value Of Money ------------------------------------------ Jethalal's son tries to get money out of his father by praising his chocolate-milk making skills.,83gpD0QwREc,Overacting üôÑüôÑüôÑ,UgwYV598vWqdIK2qHkF4AaABAg,1,8,Overacting ,en
Sony SAB,"Taarak Mehta Ka Ooltah Chashmah - Ep 2738 - Full Episode - 24th May, 2019",Episode 2738: The Value Of Money ------------------------------------------ Jethalal's son tries to get money out of his father by praising his chocolate-milk making skills.,83gpD0QwREc,Nehru & Congress is responsible for this mehgai,UgyUvnJFSfHsTlMwNyd4AaABAg,0,0,Nehru & Congress is responsible for this mehgai,en
Sony SAB,"Taarak Mehta Ka Ooltah Chashmah - Ep 2738 - Full Episode - 24th May, 2019",Episode 2738: The Value Of Money ------------------------------------------ Jethalal's son tries to get money out of his father by praising his chocolate-milk making skills.,83gpD0QwREc,I think they are over reacting I guess they are running out of ideas,UgzUtR8I2hKGE98cHY14AaABAg,3,140,I think they are over reacting I guess they are running out of ideas,en
Sony SAB,"Taarak Mehta Ka Ooltah Chashmah - Ep 2738 - Full Episode - 24th May, 2019",Episode 2738: The Value Of Money ------------------------------------------ Jethalal's son tries to get money out of his father by praising his chocolate-milk making skills.,83gpD0QwREc,So good and nice,Ugy7__qzhELfRtB0HYt4AaABAg,0,0,So good and nice,en
Sony SAB,"Taarak Mehta Ka Ooltah Chashmah - Ep 2738 - Full Episode - 24th May, 2019",Episode 2738: The Value Of Money ------------------------------------------ Jethalal's son tries to get money out of his father by praising his chocolate-milk making skills.,83gpD0QwREc,5:07 it is written powder galli near Film City,Ugz_J8a-3u4QViTjNlh4AaABAg,0,6,5:07 it is written powder galli near Film City,en
Sony SAB,"Taarak Mehta Ka Ooltah Chashmah - Ep 2738 - Full Episode - 24th May, 2019",Episode 2738: The Value Of Money ------------------------------------------ Jethalal's son tries to get money out of his father by praising his chocolate-milk making skills.,83gpD0QwREc,add daya otherwise this show will  be flop,UgzlIYpewV2kuzS0JSN4AaABAg,0,1,add daya otherwise this show will  be flop,en
Sony SAB,"Taarak Mehta Ka Ooltah Chashmah - Ep 2738 - Full Episode - 24th May, 2019",Episode 2738: The Value Of Money ------------------------------------------ Jethalal's son tries to get money out of his father by praising his chocolate-milk making skills.,83gpD0QwREc,Very nice the tarak Mehta ka o,UgxG38rEFu14PhC5cwh4AaABAg,0,0,Very nice the tarak Mehta ka o,en
Sony SAB,"Taarak Mehta Ka Ooltah Chashmah - Ep 2738 - Full Episode - 24th May, 2019",Episode 2738: The Value Of Money ------------------------------------------ Jethalal's son tries to get money out of his father by praising his chocolate-milk making skills.,83gpD0QwREc,Episode Achcha episode hai mujhe Pasand Aaya Bahut Mast bhi hai,Ugy0b3ZQMGhb4T3-eed4AaABAg,0,1,Episode Achcha episode hai mujhe Pasand Aaya Bahut Mast bhi hai,en
Sony SAB,"Taarak Mehta Ka Ooltah Chashmah - Ep 2738 - Full Episode - 24th May, 2019",Episode 2738: The Value Of Money ------------------------------------------ Jethalal's son tries to get money out of his father by praising his chocolate-milk making skills.,83gpD0QwREc,yee kya hain itne dino ki relationship jo abdul vai sain hain o chant pal o main kaice badal gaya gada family ko corkar har ek carecter nein jo behave ki hain o man nein main nehi ara ha hain,UgxFZFccT1pjYlzymq54AaABAg,0,2,yee kya hain itne dino ki relationship jo abdul vai sain hain o chant pal o main kaice badal gaya gada family ko corkar har ek carecter nein jo behave ki hain o man nein main nehi ara ha hain,en
Sony SAB,"Taarak Mehta Ka Ooltah Chashmah - Ep 2738 - Full Episode - 24th May, 2019",Episode 2738: The Value Of Money ------------------------------------------ Jethalal's son tries to get money out of his father by praising his chocolate-milk making skills.,83gpD0QwREc,13.42  babita ji understands jetha better than any other person,UgzwJNsyeOz6dyv6LiJ4AaABAg,0,1,13.42  babita ji understands jetha better than any other person,en
Sony SAB,"Taarak Mehta Ka Ooltah Chashmah - Ep 2738 - Full Episode - 24th May, 2019",Episode 2738: The Value Of Money ------------------------------------------ Jethalal's son tries to get money out of his father by praising his chocolate-milk making skills.,83gpD0QwREc,Very good üëåüëåüëåüëå show,UgwikxjiL-L4VyzU9Wh4AaABAg,0,0,Very good  show,en
Sony SAB,"Taarak Mehta Ka Ooltah Chashmah - Ep 2738 - Full Episode - 24th May, 2019",Episode 2738: The Value Of Money ------------------------------------------ Jethalal's son tries to get money out of his father by praising his chocolate-milk making skills.,83gpD0QwREc,I'm still watching old episodes..  New episodes are very boring...  Bahut over acting kar rahe hain...,UgwWvRW4ZH0HqgHR4UR4AaABAg,0,0,I'm still watching old episodes..  New episodes are very boring...  Bahut over acting kar rahe hain...,en
Sony SAB,"Taarak Mehta Ka Ooltah Chashmah - Ep 2738 - Full Episode - 24th May, 2019",Episode 2738: The Value Of Money ------------------------------------------ Jethalal's son tries to get money out of his father by praising his chocolate-milk making skills.,83gpD0QwREc,"Fok upstairs in my job, so I am a beautiful person, but it is a great day out with a new one, the",UgzgS3vNtqoIkBypNZ14AaABAg,0,28,"Fok upstairs in my job, so I am a beautiful person, but it is a great day out with a new one, the",en
Sony SAB,"Taarak Mehta Ka Ooltah Chashmah - Ep 2738 - Full Episode - 24th May, 2019",Episode 2738: The Value Of Money ------------------------------------------ Jethalal's son tries to get money out of his father by praising his chocolate-milk making skills.,83gpD0QwREc,Babita look is very pritti üòò,UgyDDGS6wQSKg9zCAUR4AaABAg,0,1,Babita look is very pritti ,en
Sony SAB,"Taarak Mehta Ka Ooltah Chashmah - Ep 2738 - Full Episode - 24th May, 2019",Episode 2738: The Value Of Money ------------------------------------------ Jethalal's son tries to get money out of his father by praising his chocolate-milk making skills.,83gpD0QwREc,Only Jhethalal  understand Abdul,UgxpSyUOrwF-VTyKxsV4AaABAg,0,17,Only Jhethalal  understand Abdul,en
Sony SAB,"Taarak Mehta Ka Ooltah Chashmah - Ep 2738 - Full Episode - 24th May, 2019",Episode 2738: The Value Of Money ------------------------------------------ Jethalal's son tries to get money out of his father by praising his chocolate-milk making skills.,83gpD0QwREc,Happy birthday jeathalalüç´üç´üéÇüéÇüéÇüéÇüéÇüéÇüéÇüç¨üç¨üç¨üç¨üç¨üç¨,Ugy5XWPZ8RTq6ZLOFrx4AaABAg,0,1,Happy birthday jeathalal,en
Sony SAB,"Taarak Mehta Ka Ooltah Chashmah - Ep 2738 - Full Episode - 24th May, 2019",Episode 2738: The Value Of Money ------------------------------------------ Jethalal's son tries to get money out of his father by praising his chocolate-milk making skills.,83gpD0QwREc,"They are fighting with Abdul for 5 rs 
    And they are called a family in society",UgwSTaobJwgZZWpfSO14AaABAg,1,34,"They are fighting with Abdul for 5 rs 
    And they are called a family in society",en
Sony SAB,"Taarak Mehta Ka Ooltah Chashmah - Ep 2738 - Full Episode - 24th May, 2019",Episode 2738: The Value Of Money ------------------------------------------ Jethalal's son tries to get money out of his father by praising his chocolate-milk making skills.,83gpD0QwREc,Only jethalal mature,Ugwr_xRBLNQ1XVwC9al4AaABAg,0,0,Only jethalal mature,en
Sony SAB,"Taarak Mehta Ka Ooltah Chashmah - Ep 2738 - Full Episode - 24th May, 2019",Episode 2738: The Value Of Money ------------------------------------------ Jethalal's son tries to get money out of his father by praising his chocolate-milk making skills.,83gpD0QwREc,Good morning üåû gokuldham society,UgyW_EwOiutu2P58EEJ4AaABAg,0,1,Good morning  gokuldham society,en
Sony SAB,"Taarak Mehta Ka Ooltah Chashmah - Ep 2738 - Full Episode - 24th May, 2019",Episode 2738: The Value Of Money ------------------------------------------ Jethalal's son tries to get money out of his father by praising his chocolate-milk making skills.,83gpD0QwREc,Jethalal bestüòçüòç,Ugy9PPPzBhqOdFsaO6F4AaABAg,0,0,Jethalal best,en
Sony SAB,"Taarak Mehta Ka Ooltah Chashmah - Ep 2738 - Full Episode - 24th May, 2019",Episode 2738: The Value Of Money ------------------------------------------ Jethalal's son tries to get money out of his father by praising his chocolate-milk making skills.,83gpD0QwREc,khudh to hr cheej pr itna khrch krte h kpdo pr ghr pr lifestyle pr festivals pr.....lkin grib admi 5 rupey bdhade to afaat aa jati h.....shameful.....therefore poor are getting poor,Ugz4wwxdqhPRt-ft75p4AaABAg,0,11,khudh to hr cheej pr itna khrch krte h kpdo pr ghr pr lifestyle pr festivals pr.....lkin grib admi 5 rupey bdhade to afaat aa jati h.....shameful.....therefore poor are getting poor,en
Sony SAB,"Taarak Mehta Ka Ooltah Chashmah - Ep 2738 - Full Episode - 24th May, 2019",Episode 2738: The Value Of Money ------------------------------------------ Jethalal's son tries to get money out of his father by praising his chocolate-milk making skills.,83gpD0QwREc,Very Nice Wow üíåüç´üç¨üéÇüòçü§©üòò,UgwVnuAlRo4UmqvHI4Z4AaABAg,0,0,Very Nice Wow ,en
Sony SAB,"Taarak Mehta Ka Ooltah Chashmah - Ep 2738 - Full Episode - 24th May, 2019",Episode 2738: The Value Of Money ------------------------------------------ Jethalal's son tries to get money out of his father by praising his chocolate-milk making skills.,83gpD0QwREc,Bakwass day by day. Everyone are overacting.,Ugw-3hbxAZADwsnphTF4AaABAg,0,1,Bakwass day by day. Everyone are overacting.,en
Sony SAB,"Taarak Mehta Ka Ooltah Chashmah - Ep 2738 - Full Episode - 24th May, 2019",Episode 2738: The Value Of Money ------------------------------------------ Jethalal's son tries to get money out of his father by praising his chocolate-milk making skills.,83gpD0QwREc,928th to watch.üòÑüòÉüòÉüòÑ,Ugw1_QA6TdliPPnyw-t4AaABAg,0,14,928th to watch.,en
Sony SAB,"Taarak Mehta Ka Ooltah Chashmah - Ep 2738 - Full Episode - 24th May, 2019",Episode 2738: The Value Of Money ------------------------------------------ Jethalal's son tries to get money out of his father by praising his chocolate-milk making skills.,83gpD0QwREc,Tapu sena are the Best,UgyUo30LNqt_ANGe8l54AaABAg,0,2,Tapu sena are the Best,en
Sony SAB,"Taarak Mehta Ka Ooltah Chashmah - Ep 2738 - Full Episode - 24th May, 2019",Episode 2738: The Value Of Money ------------------------------------------ Jethalal's son tries to get money out of his father by praising his chocolate-milk making skills.,83gpD0QwREc,How selfish they are,UgxSQg2Y5WJuqbGx34R4AaABAg,0,1,How selfish they are,en
Sony SAB,"Taarak Mehta Ka Ooltah Chashmah - Ep 2738 - Full Episode - 24th May, 2019",Episode 2738: The Value Of Money ------------------------------------------ Jethalal's son tries to get money out of his father by praising his chocolate-milk making skills.,83gpD0QwREc,Where is next episode,UgwdCHzxeiGTccxZxFV4AaABAg,0,0,Where is next episode,en
Sony SAB,"Taarak Mehta Ka Ooltah Chashmah - Ep 2738 - Full Episode - 24th May, 2019",Episode 2738: The Value Of Money ------------------------------------------ Jethalal's son tries to get money out of his father by praising his chocolate-milk making skills.,83gpD0QwREc,Plz make something intresting. Don't just make episodes. It's very good show plz don't ruin it. Make these women's to do something they have become useless in absence of disha vakani. Never seen doing comedy to any of the women's expect daya behn and madhavi bhavi sometimes. Plz make something intresting.,UgzhsAi2D79hlR3-SAh4AaABAg,0,1,Plz make something intresting. Don't just make episodes. It's very good show plz don't ruin it. Make these women's to do something they have become useless in absence of disha vakani. Never seen doing comedy to any of the women's expect daya behn and madhavi bhavi sometimes. Plz make something intresting.,en
Sony SAB,"Taarak Mehta Ka Ooltah Chashmah - Ep 2738 - Full Episode - 24th May, 2019",Episode 2738: The Value Of Money ------------------------------------------ Jethalal's son tries to get money out of his father by praising his chocolate-milk making skills.,83gpD0QwREc,Logic died.,UgzMdWc7E0S0XPYjsId4AaABAg,0,0,Logic died.,en
Sony SAB,"Taarak Mehta Ka Ooltah Chashmah - Ep 2738 - Full Episode - 24th May, 2019",Episode 2738: The Value Of Money ------------------------------------------ Jethalal's son tries to get money out of his father by praising his chocolate-milk making skills.,83gpD0QwREc,literally for 5 rupees k leye,UgyLPtpVziYyt1FGb1B4AaABAg,4,10,literally for 5 rupees k leye,en
Sony SAB,"Taarak Mehta Ka Ooltah Chashmah - Ep 2738 - Full Episode - 24th May, 2019",Episode 2738: The Value Of Money ------------------------------------------ Jethalal's son tries to get money out of his father by praising his chocolate-milk making skills.,83gpD0QwREc,Who liked jethalal character????,UgwkHueNOYeUXTutM-N4AaABAg,0,3,Who liked jethalal character????,en
Sony SAB,"Taarak Mehta Ka Ooltah Chashmah - Ep 2738 - Full Episode - 24th May, 2019",Episode 2738: The Value Of Money ------------------------------------------ Jethalal's son tries to get money out of his father by praising his chocolate-milk making skills.,83gpD0QwREc,Only jethalal is real.,UgxhozPq3Uhp54yAkXF4AaABAg,0,0,Only jethalal is real.,en
Sony SAB,"Taarak Mehta Ka Ooltah Chashmah - Ep 2738 - Full Episode - 24th May, 2019",Episode 2738: The Value Of Money ------------------------------------------ Jethalal's son tries to get money out of his father by praising his chocolate-milk making skills.,83gpD0QwREc,Wow so very super,Ugxd9WxIUu-m-KWTjlN4AaABAg,0,0,Wow so very super,en
Sony SAB,"Taarak Mehta Ka Ooltah Chashmah - Ep 2738 - Full Episode - 24th May, 2019",Episode 2738: The Value Of Money ------------------------------------------ Jethalal's son tries to get money out of his father by praising his chocolate-milk making skills.,83gpD0QwREc,Why tarak mehata ka oolta chasma is not funny like before why tmoc????? If you hear me plz do make more funny video or backround tone is also not like before why????,UgxZQCUiUORNz3M3HER4AaABAg,0,1,Why tarak mehata ka oolta chasma is not funny like before why tmoc????? If you hear me plz do make more funny video or backround tone is also not like before why????,en
Sony SAB,"Taarak Mehta Ka Ooltah Chashmah - Ep 2738 - Full Episode - 24th May, 2019",Episode 2738: The Value Of Money ------------------------------------------ Jethalal's son tries to get money out of his father by praising his chocolate-milk making skills.,83gpD0QwREc,Who came after seeing thumbnail,UgxX_sXo20Qdd8c0Tyx4AaABAg,0,39,Who came after seeing thumbnail,en
Sony SAB,"Taarak Mehta Ka Ooltah Chashmah - Ep 2738 - Full Episode - 24th May, 2019",Episode 2738: The Value Of Money ------------------------------------------ Jethalal's son tries to get money out of his father by praising his chocolate-milk making skills.,83gpD0QwREc,Babita is very beaytifull in this episode' thumbnail,UgwxoyYFdS9LiIMDOPV4AaABAg,0,19,Babita is very beaytifull in this episode' thumbnail,en
Sony SAB,"Taarak Mehta Ka Ooltah Chashmah - Ep 2738 - Full Episode - 24th May, 2019",Episode 2738: The Value Of Money ------------------------------------------ Jethalal's son tries to get money out of his father by praising his chocolate-milk making skills.,83gpD0QwREc,Highly illogical discussion.... abdul is also a aam admi and very smll businessman... gokuldham ideal society... aji ghanta,UgzuOyAPnumQh4vHbkx4AaABAg,0,20,Highly illogical discussion.... abdul is also a aam admi and very smll businessman... gokuldham ideal society... aji ghanta,en
Sony SAB,"Taarak Mehta Ka Ooltah Chashmah - Ep 2738 - Full Episode - 24th May, 2019",Episode 2738: The Value Of Money ------------------------------------------ Jethalal's son tries to get money out of his father by praising his chocolate-milk making skills.,83gpD0QwREc,Who is seeing this video in lockdown,Ugy2GUQBjED8H98yegF4AaABAg,5,128,Who is seeing this video in lockdown,en
Sony SAB,"Taarak Mehta Ka Ooltah Chashmah - Ep 2738 - Full Episode - 24th May, 2019",Episode 2738: The Value Of Money ------------------------------------------ Jethalal's son tries to get money out of his father by praising his chocolate-milk making skills.,83gpD0QwREc,Inn express permission of,Ugx7RfsY5LDUVAuogGB4AaABAg,0,28,Inn express permission of,en
Sony SAB,"Taarak Mehta Ka Ooltah Chashmah - Ep 2738 - Full Episode - 24th May, 2019",Episode 2738: The Value Of Money ------------------------------------------ Jethalal's son tries to get money out of his father by praising his chocolate-milk making skills.,83gpD0QwREc,where is daya ?,Ugw4iPJJx7l-hxxNdvp4AaABAg,0,0,where is daya ?,en
Sony SAB,"Taarak Mehta Ka Ooltah Chashmah - Ep 2738 - Full Episode - 24th May, 2019",Episode 2738: The Value Of Money ------------------------------------------ Jethalal's son tries to get money out of his father by praising his chocolate-milk making skills.,83gpD0QwREc,New episode last wala bhejiyega,Ugw-XUt6SxRJ8Pkfc9Z4AaABAg,0,0,New episode last wala bhejiyega,en
Sony SAB,"Taarak Mehta Ka Ooltah Chashmah - Ep 2738 - Full Episode - 24th May, 2019",Episode 2738: The Value Of Money ------------------------------------------ Jethalal's son tries to get money out of his father by praising his chocolate-milk making skills.,83gpD0QwREc,Tapu real name is ??,Ugx9GD2nr1ItuB--Tml4AaABAg,0,1,Tapu real name is ??,en
Sony SAB,"Taarak Mehta Ka Ooltah Chashmah - Ep 2738 - Full Episode - 24th May, 2019",Episode 2738: The Value Of Money ------------------------------------------ Jethalal's son tries to get money out of his father by praising his chocolate-milk making skills.,83gpD0QwREc,"Nice show,s",UgwrjSmBp2ryyJCHNXl4AaABAg,0,1,"Nice show,s",en
Sony SAB,"Taarak Mehta Ka Ooltah Chashmah - Ep 2738 - Full Episode - 24th May, 2019",Episode 2738: The Value Of Money ------------------------------------------ Jethalal's son tries to get money out of his father by praising his chocolate-milk making skills.,83gpD0QwREc,Why sound came copy of right,UgwbRpTt1F6byef6EKV4AaABAg,0,0,Why sound came copy of right,en
Sony SAB,"Taarak Mehta Ka Ooltah Chashmah - Ep 2738 - Full Episode - 24th May, 2019",Episode 2738: The Value Of Money ------------------------------------------ Jethalal's son tries to get money out of his father by praising his chocolate-milk making skills.,83gpD0QwREc,Poor Abdul has fully upset üòèüòèüòèüòè,UgzLBBuSMb6erQekTaV4AaABAg,0,22,Poor Abdul has fully upset ,en
Sony SAB,"Taarak Mehta Ka Ooltah Chashmah - Ep 2738 - Full Episode - 24th May, 2019",Episode 2738: The Value Of Money ------------------------------------------ Jethalal's son tries to get money out of his father by praising his chocolate-milk making skills.,83gpD0QwREc,Who is seeing in the lockdown,Ugyv5Q7TbahY9Z9NL-J4AaABAg,1,1,Who is seeing in the lockdown,en
Sony SAB,"Taarak Mehta Ka Ooltah Chashmah - Ep 2738 - Full Episode - 24th May, 2019",Episode 2738: The Value Of Money ------------------------------------------ Jethalal's son tries to get money out of his father by praising his chocolate-milk making skills.,83gpD0QwREc,"Tarak  mehita show 
Good comedy show",Ugw6Ap50d-eJIzP4Q1x4AaABAg,0,2,"Tarak  mehita show 
Good comedy show",en
Sony SAB,"Taarak Mehta Ka Ooltah Chashmah - Ep 2738 - Full Episode - 24th May, 2019",Episode 2738: The Value Of Money ------------------------------------------ Jethalal's son tries to get money out of his father by praising his chocolate-milk making skills.,83gpD0QwREc,I think that Abdul should have told everybody before. He said last month it was hiked! So on the very date itself he should have told everybody about the price increase.,UgynB-BQbj3oxzD7gH94AaABAg,0,0,I think that Abdul should have told everybody before. He said last month it was hiked! So on the very date itself he should have told everybody about the price increase.,en
Sony SAB,"Taarak Mehta Ka Ooltah Chashmah - Ep 2738 - Full Episode - 24th May, 2019",Episode 2738: The Value Of Money ------------------------------------------ Jethalal's son tries to get money out of his father by praising his chocolate-milk making skills.,83gpD0QwREc,Nice viedo and price,Ugy2o63jBzna_Tjpiud4AaABAg,0,1,Nice viedo and price,en
Sony SAB,"Taarak Mehta Ka Ooltah Chashmah - Ep 2738 - Full Episode - 24th May, 2019",Episode 2738: The Value Of Money ------------------------------------------ Jethalal's son tries to get money out of his father by praising his chocolate-milk making skills.,83gpD0QwREc,Love you babita jiüòòüòòethics,Ugx7E-CE5pkuq2MmN094AaABAg,0,0,Love you babita jiethics,en
Sony SAB,"Taarak Mehta Ka Ooltah Chashmah - Ep 2738 - Full Episode - 24th May, 2019",Episode 2738: The Value Of Money ------------------------------------------ Jethalal's son tries to get money out of his father by praising his chocolate-milk making skills.,83gpD0QwREc,Milk to thik hai bide bhy lekin sabji no correct,UgxqSBMt0JxQFZIFIth4AaABAg,0,0,Milk to thik hai bide bhy lekin sabji no correct,en
Sony SAB,"Taarak Mehta Ka Ooltah Chashmah - Ep 2738 - Full Episode - 24th May, 2019",Episode 2738: The Value Of Money ------------------------------------------ Jethalal's son tries to get money out of his father by praising his chocolate-milk making skills.,83gpD0QwREc,This so is very very very very nice,Ugw3dQvXm4_nCKAxHcd4AaABAg,0,0,This so is very very very very nice,en
Sony SAB,"Taarak Mehta Ka Ooltah Chashmah - Ep 2738 - Full Episode - 24th May, 2019",Episode 2738: The Value Of Money ------------------------------------------ Jethalal's son tries to get money out of his father by praising his chocolate-milk making skills.,83gpD0QwREc,"Me after watching a TMKOC episode:
SENSE KIDR HAI BC?",UgzG009KV4K8GPMQDZd4AaABAg,0,3,"Me after watching a TMKOC episode:
SENSE KIDR HAI BC?",en
Sony SAB,"Taarak Mehta Ka Ooltah Chashmah - Ep 2738 - Full Episode - 24th May, 2019",Episode 2738: The Value Of Money ------------------------------------------ Jethalal's son tries to get money out of his father by praising his chocolate-milk making skills.,83gpD0QwREc,Komedy is dead üíÄ,UgwIWyRKzAJUAgH8YzZ4AaABAg,0,16,Komedy is dead ,en
Sony SAB,"Taarak Mehta Ka Ooltah Chashmah - Ep 2738 - Full Episode - 24th May, 2019",Episode 2738: The Value Of Money ------------------------------------------ Jethalal's son tries to get money out of his father by praising his chocolate-milk making skills.,83gpD0QwREc,It is really nonsense,UgzJcp2X8zhJ18d8ZHJ4AaABAg,0,0,It is really nonsense,en
Sony SAB,"Taarak Mehta Ka Ooltah Chashmah - Ep 2738 - Full Episode - 24th May, 2019",Episode 2738: The Value Of Money ------------------------------------------ Jethalal's son tries to get money out of his father by praising his chocolate-milk making skills.,83gpD0QwREc,Bhai maldhari bhav bdate he to sbko problum hoti he of dusri chijo ka bhav aap bdarhe ho uska keya,Ugy3gR-VjyUd_HlENA54AaABAg,0,1,Bhai maldhari bhav bdate he to sbko problum hoti he of dusri chijo ka bhav aap bdarhe ho uska keya,en
Sony SAB,"Taarak Mehta Ka Ooltah Chashmah - Ep 2738 - Full Episode - 24th May, 2019",Episode 2738: The Value Of Money ------------------------------------------ Jethalal's son tries to get money out of his father by praising his chocolate-milk making skills.,83gpD0QwREc,After lockdown Goa dairies bolke video Anne wala he toh mere channel KO subscribe karlo aur enjoy karo,UgyoG8uIrMCfHODvOJ14AaABAg,1,2,After lockdown Goa dairies bolke video Anne wala he toh mere channel KO subscribe karlo aur enjoy karo,en
Sony SAB,"Taarak Mehta Ka Ooltah Chashmah - Ep 2738 - Full Episode - 24th May, 2019",Episode 2738: The Value Of Money ------------------------------------------ Jethalal's son tries to get money out of his father by praising his chocolate-milk making skills.,83gpD0QwREc,Niche in        7056271207    years  of  experience,UgycbKM2G6c_TS-NVMB4AaABAg,0,0,Niche in        7056271207    years  of  experience,en
Sony SAB,"Taarak Mehta Ka Ooltah Chashmah - Ep 2738 - Full Episode - 24th May, 2019",Episode 2738: The Value Of Money ------------------------------------------ Jethalal's son tries to get money out of his father by praising his chocolate-milk making skills.,83gpD0QwREc,Nice think Atmaram,UgyMR18THYzgMIECS2x4AaABAg,0,0,Nice think Atmaram,en
Sony SAB,"Taarak Mehta Ka Ooltah Chashmah - Ep 2738 - Full Episode - 24th May, 2019",Episode 2738: The Value Of Money ------------------------------------------ Jethalal's son tries to get money out of his father by praising his chocolate-milk making skills.,83gpD0QwREc,Babita need no makeup.. she is already beautiful.,UgxT-9xr2pSqlOttVS54AaABAg,0,3,Babita need no makeup.. she is already beautiful.,en
Sony SAB,"Taarak Mehta Ka Ooltah Chashmah - Ep 2738 - Full Episode - 24th May, 2019",Episode 2738: The Value Of Money ------------------------------------------ Jethalal's son tries to get money out of his father by praising his chocolate-milk making skills.,83gpD0QwREc,Te rit,UgwzyMH9D2Q7b98FRop4AaABAg,0,0,Te rit,en
Sony SAB,"Taarak Mehta Ka Ooltah Chashmah - Ep 2738 - Full Episode - 24th May, 2019",Episode 2738: The Value Of Money ------------------------------------------ Jethalal's son tries to get money out of his father by praising his chocolate-milk making skills.,83gpD0QwREc,"Vtrrfggtg y







.ghb is ¬≥ i don't 6AM in new Orleans for the future and the other day I think it will take time for a year or",Ugy5w1CPxy5QIpQEaQ94AaABAg,0,1,"Vtrrfggtg y







.ghb is ¬≥ i don't 6AM in new Orleans for the future and the other day I think it will take time for a year or",en
Sony SAB,"Taarak Mehta Ka Ooltah Chashmah - Ep 2738 - Full Episode - 24th May, 2019",Episode 2738: The Value Of Money ------------------------------------------ Jethalal's son tries to get money out of his father by praising his chocolate-milk making skills.,83gpD0QwREc,Jetha is best,UgxBD6r9jxxaz2nFBC14AaABAg,0,1,Jetha is best,en
Sony SAB,"Taarak Mehta Ka Ooltah Chashmah - Ep 2738 - Full Episode - 24th May, 2019",Episode 2738: The Value Of Money ------------------------------------------ Jethalal's son tries to get money out of his father by praising his chocolate-milk making skills.,83gpD0QwREc,Vvery funny right,UgzYKm267EwJB0jCDcl4AaABAg,0,1,Vvery funny right,en
Sony SAB,"Taarak Mehta Ka Ooltah Chashmah - Ep 2738 - Full Episode - 24th May, 2019",Episode 2738: The Value Of Money ------------------------------------------ Jethalal's son tries to get money out of his father by praising his chocolate-milk making skills.,83gpD0QwREc,Good morning,UgxCoQkugRVcEM70Irl4AaABAg,0,0,Good morning,en
Sony SAB,"Taarak Mehta Ka Ooltah Chashmah - Ep 2738 - Full Episode - 24th May, 2019",Episode 2738: The Value Of Money ------------------------------------------ Jethalal's son tries to get money out of his father by praising his chocolate-milk making skills.,83gpD0QwREc,Nice episode i really like jethalal chracter,UgzGNqs-cQhATW5L3Ut4AaABAg,0,0,Nice episode i really like jethalal chracter,en
Sony SAB,"Taarak Mehta Ka Ooltah Chashmah - Ep 2738 - Full Episode - 24th May, 2019",Episode 2738: The Value Of Money ------------------------------------------ Jethalal's son tries to get money out of his father by praising his chocolate-milk making skills.,83gpD0QwREc,I hate new Tappu,Ugxf5waPgW6E-l7wkbV4AaABAg,0,2,I hate new Tappu,en
Sony SAB,"Taarak Mehta Ka Ooltah Chashmah - Ep 2738 - Full Episode - 24th May, 2019",Episode 2738: The Value Of Money ------------------------------------------ Jethalal's son tries to get money out of his father by praising his chocolate-milk making skills.,83gpD0QwREc,Only jethalal is respect to abdul but everyone is not respect to abdul why ‚òπ‚òπ‚òπüò°üò°üò°üò†üôÅüôÅ‚òπ,UgwL-nyet1dts1JZIrR4AaABAg,0,5,Only jethalal is respect to abdul but everyone is not respect to abdul why ,en
Sony SAB,"Taarak Mehta Ka Ooltah Chashmah - Ep 2738 - Full Episode - 24th May, 2019",Episode 2738: The Value Of Money ------------------------------------------ Jethalal's son tries to get money out of his father by praising his chocolate-milk making skills.,83gpD0QwREc,Who is seeing this now?,UgyzgA7oFhgjR19Bg5h4AaABAg,0,0,Who is seeing this now?,en
Sony SAB,"Taarak Mehta Ka Ooltah Chashmah - Ep 2738 - Full Episode - 24th May, 2019",Episode 2738: The Value Of Money ------------------------------------------ Jethalal's son tries to get money out of his father by praising his chocolate-milk making skills.,83gpD0QwREc,You think about yourself then what farmer will doo.,UgycUD2zpevggbbH5nh4AaABAg,0,3,You think about yourself then what farmer will doo.,en
Sony SAB,"Taarak Mehta Ka Ooltah Chashmah - Ep 2738 - Full Episode - 24th May, 2019",Episode 2738: The Value Of Money ------------------------------------------ Jethalal's son tries to get money out of his father by praising his chocolate-milk making skills.,83gpD0QwREc,Tmkoc has changed .. there's no sense and too much overacting,UgzC4KTebiBHCnHY8SN4AaABAg,0,0,Tmkoc has changed .. there's no sense and too much overacting,en
Sony SAB,"Taarak Mehta Ka Ooltah Chashmah - Ep 2738 - Full Episode - 24th May, 2019",Episode 2738: The Value Of Money ------------------------------------------ Jethalal's son tries to get money out of his father by praising his chocolate-milk making skills.,83gpD0QwREc,gross stupidity......script writer was on vacation probably...,Ugx-UscSVG7mQho7Xh54AaABAg,0,0,gross stupidity......script writer was on vacation probably...,en
Sony SAB,"Taarak Mehta Ka Ooltah Chashmah - Ep 2738 - Full Episode - 24th May, 2019",Episode 2738: The Value Of Money ------------------------------------------ Jethalal's son tries to get money out of his father by praising his chocolate-milk making skills.,83gpD0QwREc,"Sorry
Tapu",Ugz_rOEjZzGL9_FaXax4AaABAg,0,0,"Sorry
Tapu",en
Sony SAB,"Taarak Mehta Ka Ooltah Chashmah - Ep 2738 - Full Episode - 24th May, 2019",Episode 2738: The Value Of Money ------------------------------------------ Jethalal's son tries to get money out of his father by praising his chocolate-milk making skills.,83gpD0QwREc,Nice to,Ugzv822M4KGkXeBC9Pl4AaABAg,0,0,Nice to,en
Sony SAB,"Taarak Mehta Ka Ooltah Chashmah - Ep 2738 - Full Episode - 24th May, 2019",Episode 2738: The Value Of Money ------------------------------------------ Jethalal's son tries to get money out of his father by praising his chocolate-milk making skills.,83gpD0QwREc,400th comment,Ugw6SY-Ys_O8yA3b1gt4AaABAg,0,1,400th comment,en
Sony SAB,"Taarak Mehta Ka Ooltah Chashmah - Ep 2738 - Full Episode - 24th May, 2019",Episode 2738: The Value Of Money ------------------------------------------ Jethalal's son tries to get money out of his father by praising his chocolate-milk making skills.,83gpD0QwREc,Sachin Kumar Rathod love you,UgxmZ2SxszPNla2gBZB4AaABAg,0,1,Sachin Kumar Rathod love you,en
Sony SAB,"Taarak Mehta Ka Ooltah Chashmah - Ep 2738 - Full Episode - 24th May, 2019",Episode 2738: The Value Of Money ------------------------------------------ Jethalal's son tries to get money out of his father by praising his chocolate-milk making skills.,83gpD0QwREc,Where is tay,Ugw9Ipgp5eoTPjkxevl4AaABAg,0,1,Where is tay,en
Sony SAB,"Taarak Mehta Ka Ooltah Chashmah - Ep 2738 - Full Episode - 24th May, 2019",Episode 2738: The Value Of Money ------------------------------------------ Jethalal's son tries to get money out of his father by praising his chocolate-milk making skills.,83gpD0QwREc,Tapu is so cute and sonu is the  wife of the tapu,Ugw31GeO802j3I7XkKp4AaABAg,3,10,Tapu is so cute and sonu is the  wife of the tapu,en
Sony SAB,"Taarak Mehta Ka Ooltah Chashmah - Ep 2738 - Full Episode - 24th May, 2019",Episode 2738: The Value Of Money ------------------------------------------ Jethalal's son tries to get money out of his father by praising his chocolate-milk making skills.,83gpD0QwREc,Day and I am not sure,Ugxgi7omPK9_eHIbp_V4AaABAg,0,0,Day and I am not sure,en
Sony SAB,"Taarak Mehta Ka Ooltah Chashmah - Ep 2738 - Full Episode - 24th May, 2019",Episode 2738: The Value Of Money ------------------------------------------ Jethalal's son tries to get money out of his father by praising his chocolate-milk making skills.,83gpD0QwREc,Hi all your browser,UgzkAyWDDndsEaWKI0d4AaABAg,0,1,Hi all your browser,en
Sony SAB,"Taarak Mehta Ka Ooltah Chashmah - Ep 2738 - Full Episode - 24th May, 2019",Episode 2738: The Value Of Money ------------------------------------------ Jethalal's son tries to get money out of his father by praising his chocolate-milk making skills.,83gpD0QwREc,Jay free fire,UgxNPlrRwMDl233OeJN4AaABAg,0,1,Jay free fire,en
Sony SAB,"Taarak Mehta Ka Ooltah Chashmah - Ep 2738 - Full Episode - 24th May, 2019",Episode 2738: The Value Of Money ------------------------------------------ Jethalal's son tries to get money out of his father by praising his chocolate-milk making skills.,83gpD0QwREc,Greedy selfish members üëéüëéüëé,Ugz7YkpHgssOjFI9ieV4AaABAg,0,4,Greedy selfish members ,en
Sony SAB,"Taarak Mehta Ka Ooltah Chashmah - Ep 2738 - Full Episode - 24th May, 2019",Episode 2738: The Value Of Money ------------------------------------------ Jethalal's son tries to get money out of his father by praising his chocolate-milk making skills.,83gpD0QwREc,Don‚Äôt unlike this,UgywY6_3N5Qi-c06CxN4AaABAg,1,1,Don‚Äôt unlike this,en
Sony SAB,"Taarak Mehta Ka Ooltah Chashmah - Ep 2738 - Full Episode - 24th May, 2019",Episode 2738: The Value Of Money ------------------------------------------ Jethalal's son tries to get money out of his father by praising his chocolate-milk making skills.,83gpD0QwREc,Everyone is desrespact full toward Abdul except jethalal,UgwV6QjFvwV0Vltag1l4AaABAg,0,0,Everyone is desrespact full toward Abdul except jethalal,en
Sony SAB,"Taarak Mehta Ka Ooltah Chashmah - Ep 2738 - Full Episode - 24th May, 2019",Episode 2738: The Value Of Money ------------------------------------------ Jethalal's son tries to get money out of his father by praising his chocolate-milk making skills.,83gpD0QwREc,Who don't like new Tappu because of his overacting and acting,Ugy60qpSbwkVJ6PHo-V4AaABAg,0,1,Who don't like new Tappu because of his overacting and acting,en
Sony SAB,"Taarak Mehta Ka Ooltah Chashmah - Ep 2738 - Full Episode - 24th May, 2019",Episode 2738: The Value Of Money ------------------------------------------ Jethalal's son tries to get money out of his father by praising his chocolate-milk making skills.,83gpD0QwREc,"Tappu overacting krta h 


üëéüëéüëéüëéüëéüëéüëéüëéüëé",UgxDNShdfmKAKxEYhsZ4AaABAg,0,0,"Tappu overacting krta h 


",en
